epoch,Train_loss,Validation_loss,Train_f1_score,Train_auroc,Validation_f1_score,Validation_auroc
1,0.004428386222571135,0.013962664641439915,0.4111474964083868,0.953793685783441,0.7048785015563922,0.9735871606014697
