epoch,train_epoch_loss,train_epoch_metrics_f1,train_epoch_metrics_roc,val_epoch_loss,val_epoch_metrics_f1,val_epoch_metrics_roc
0,0.6352248346411634,0.48297190997084355,0.9724734836922172,0.6345543154868586,0.6540555529892148,0.9900924456704636
1,0.6351487394208195,0.49337540029428895,0.9716774426735219,0.6346842552824267,0.5105842791073111,0.9738574865016695
2,0.6350459127590574,0.5252497085213942,0.9710298421057443,0.6343069212703869,0.5281892687069626,0.981521883574426
3,0.6348849959328942,0.5512366508949973,0.9744282791968752,0.634658058655673,0.632936014746245,0.9876969126815592
4, 0.6347873781689968, 0.5659574231030864, 0.9716026540062472, 0.6344311938717447, 0.497678137385863, 0.962711974789056
5, 0.6348583940202477, 0.5360065640250459, 0.9716214279793173, 0.6340806524044481, 0.5940642429618205, 0.9833443863522121
6, 0.6347136399869261, 0.5689382742409081, 0.9724460933054896, 0.6342613589147041, 0.5855847452768911, 0.9806684748833132