epoch,Train_loss,Test_loss,Train_f1_score,Train_auroc,Test_f1_score,Test_auroc
1,0.003926435951143503,0.0007343266042880714,0.329848334956287,0.9459643220726561,0.7121359668855152,0.969159523817937
