epoch,Train_loss,Validation_loss,Train_f1_score,Train_auroc,Validation_f1_score,Validation_auroc
1,0.0027992657851427794,0.0015327626606449485,0.5229119825721393,0.9476379128742879,0.6140101642731186,0.9597194074908498
